"","genus_species","species","genus","publications","citations","journals","articles","reviews","years_publishing","h","m","i10","h5","id","family","order","BodyMass.Value","BodyMass.SpecLevel","phylogeny","median_lat","redlistCategory","use1","use2","use3","use4","use5","use6","use7","use8","use9","use10","use11","use12","use13","use14","use15","use16","logh","logh1","logmass","x","y","status","domestication"
"1","Acinonyx jubatus","jubatus","Acinonyx",798,20484,283,716,22,59,71,1.203,416,16,752759,"Felidae","Carnivora",46700,1,"Yes",-24.59102,"Vulnerable","establishing_ex_situ_production","handicrafts_jewellery","pets_display_animals_horticulture","research","sport_hunting_specimen_collecting","wearing_apparel_accessories",NA,NA,NA,NA,NA,NA,NA,NA,NA,NA,1.85125834871908,1.85733249643127,4.66931688056611,26.4150631492351,-22.9131013957721,"","Partially-domesticated"
"2","Alces alces","alces","Alces",1869,49135,489,0,0,119,97,0.815,1082,18,460509,"Cervidae","Artiodactyla",356998.16,1,"No",NA,"Least Concern","food_human","sport_hunting_specimen_collecting",NA,NA,NA,NA,NA,NA,NA,NA,NA,NA,NA,NA,NA,NA,1.98677173426624,1.99122607569249,5.5526659777259,NA,NA,"","Partially-domesticated"
"3","Ammotragus lervia","lervia","Ammotragus",160,2014,119,154,4,62,23,0.371,57,7,768699,"Bovidae","Artiodactyla",48000,1,"Yes",38.52,"Vulnerable","food_human",NA,NA,NA,NA,NA,NA,NA,NA,NA,NA,NA,NA,NA,NA,NA,1.36172783601759,1.38021124171161,4.68124123737559,-102.21005397302,31.5814513838622,"","Partially-domesticated"
"4","Antidorcas marsupialis","marsupialis","Antidorcas",214,3599,122,0,0,50,33,0.66,95,7,363040,"Bovidae","Artiodactyla",31500,1,"Yes",-20.759605,"Least Concern","food_human",NA,NA,NA,NA,NA,NA,NA,NA,NA,NA,NA,NA,NA,NA,NA,1.51851393987789,1.53147891704226,4.4983105537896,21.351947062755,-26.0885500208603,"","Partially-domesticated"
"5","Antilope cervicapra","cervicapra","Antilope",128,1246,95,0,0,91,21,0.231,32,3,363043,"Bovidae","Artiodactyla",37500,1,"Yes",29.526114,"Least Concern","food_human",NA,NA,NA,NA,NA,NA,NA,NA,NA,NA,NA,NA,NA,NA,NA,1.32221929473392,1.34242268082221,4.57403126772772,77.6065166662748,25.4665568811673,"","Partially-domesticated"
"6","Atelerix albiventris","albiventris","Atelerix",170,1476,83,149,5,46,20,0.435,49,7,376305,"Erinaceidae","Erinaceomorpha",600,1,"Yes",10.87,"Least Concern","medicine",NA,NA,NA,NA,NA,NA,NA,NA,NA,NA,NA,NA,NA,NA,NA,1.30102999566398,1.32221929473392,2.77815125038364,-0.371129503931376,10.6092740078204,"","Domesticated"
"7","Axis axis","axis","Axis",377,6355,216,338,6,81,38,0.469,145,10,906317,"Cervidae","Artiodactyla",67281.85,1,"Yes",22.411028,"Least Concern","food_animal","food_human","handicrafts_jewellery","other_household_goods","pets_display_animals_horticulture","sport_hunting_specimen_collecting","wearing_apparel_accessories",NA,NA,NA,NA,NA,NA,NA,NA,NA,1.57978359661681,1.5910646070265,4.82789792443292,79.6797511215051,24.1391729167172,"","Partially-domesticated"
"8","Bassariscus astutus","astutus","Bassariscus",112,2345,68,0,0,123,28,0.228,61,5,685103,"Procyonidae","Carnivora",1129.51,1,"Yes",25.833333,"Least Concern","wearing_apparel_accessories",NA,NA,NA,NA,NA,NA,NA,NA,NA,NA,NA,NA,NA,NA,NA,1.44715803134222,1.46239799789896,3.05289008025469,-107.627847527454,31.4314732790728,"","Partially-domesticated"
"9","Bassariscus sumichrasti","sumichrasti","Bassariscus",2,52,2,2,0,48,2,0.042,1,0,794088,"Procyonidae","Carnivora",899.99,1,"Yes",16.2625,"Least Concern","food_human","wearing_apparel_accessories",NA,NA,NA,NA,NA,NA,NA,NA,NA,NA,NA,NA,NA,NA,0.301029995663981,0.477121254719662,2.95423768391827,-93.4920333198519,16.9170074368424,"","Partially-domesticated"
"10","Bison bison","bison","Bison",1256,27149,424,1162,47,61,72,1.18,653,13,907693,"Bovidae","Artiodactyla",579255.28,1,"No",NA,"Near Threatened","construction_or_structural_materials","establishing_ex_situ_production","fibre","food_human","handicrafts_jewellery","other_household_goods","pets_display_animals_horticulture","sport_hunting_specimen_collecting","wearing_apparel_accessories",NA,NA,NA,NA,NA,NA,NA,1.85733249643127,1.86332286012046,5.76287000114033,NA,NA,"","Partially-domesticated"
"11","Boselaphus tragocamelus","tragocamelus","Boselaphus",126,1541,89,119,2,54,21,0.389,40,7,756060,"Bovidae","Artiodactyla",169000,1,"Yes",26.825257,"Least Concern","food_human",NA,NA,NA,NA,NA,NA,NA,NA,NA,NA,NA,NA,NA,NA,NA,1.32221929473392,1.34242268082221,5.22788670461367,76.9653569590374,25.083222065518,"","Partially-domesticated"
"12","Bos frontalis","frontalis","Bos",290,1831,103,275,8,37,19,0.514,59,6,96935,"Bovidae","Artiodactyla",8e+05,1,"No",NA,NA,NA,NA,NA,NA,NA,NA,NA,NA,NA,NA,NA,NA,NA,NA,NA,NA,1.27875360095283,1.30102999566398,5.90308998699194,NA,NA,"","Domesticated"
"13","Bos grunniens","grunniens","Bos",1190,14941,426,1137,31,55,54,0.982,399,15,381164,"Bovidae","Artiodactyla",416500,1,"Yes",48.13,NA,NA,NA,NA,NA,NA,NA,NA,NA,NA,NA,NA,NA,NA,NA,NA,NA,1.73239375982297,1.74036268949424,5.61961500574281,87.5967561025824,29.0397216255436,"","Domesticated"
"14","Bubalus bubalis","bubalis","Bubalus",4062,37750,773,0,0,68,65,0.956,1137,17,641187,"Bovidae","Artiodactyla",431250,1,"No",NA,NA,NA,NA,NA,NA,NA,NA,NA,NA,NA,NA,NA,NA,NA,NA,NA,NA,1.81291335664286,1.81954393554187,5.63472910808133,NA,NA,"","Domesticated"
"15","Camelus bactrianus","bactrianus","Camelus",395,5272,198,366,15,156,35,0.224,136,8,510768,"Camelidae","Artiodactyla",690000,1,"Yes",43.513238,NA,NA,NA,NA,NA,NA,NA,NA,NA,NA,NA,NA,NA,NA,NA,NA,NA,1.54406804435028,1.55630250076729,5.83884909073726,77.026087375461,43.0473017743506,"","Domesticated"
"16","Camelus dromedarius","dromedarius","Camelus",2770,32306,650,0,0,178,62,0.348,892,17,510752,"Camelidae","Artiodactyla",601000,1,"Yes",-25.09425,NA,NA,NA,NA,NA,NA,NA,NA,NA,NA,NA,NA,NA,NA,NA,NA,NA,1.79239168949825,1.79934054945358,5.77887447200274,133.231199531977,-26.3164493458251,"","Domesticated"
"17","Canis adustus","adustus","Canis",37,1090,30,34,3,65,17,0.262,21,1,621176,"Canidae","Carnivora",10249.91,1,"Yes",10.320211,"Least Concern",NA,NA,NA,NA,NA,NA,NA,NA,NA,NA,NA,NA,NA,NA,NA,NA,1.23044892137827,1.25527250510331,4.01072005205763,27.1503991517586,-13.9282301996978,"","Partially-domesticated"
"18","Canis latrans","latrans","Canis",1859,48142,446,0,0,96,93,0.969,1072,21,247331,"Canidae","Carnivora",13406.33,1,"Yes",36.952737,"Least Concern","wearing_apparel_accessories",NA,NA,NA,NA,NA,NA,NA,NA,NA,NA,NA,NA,NA,NA,NA,1.96848294855394,1.9731278535997,4.1273099054512,-99.3706349024246,41.1326736240535,"","Partially-domesticated"
"19","Canis lupus","lupus","Canis",4305,131254,980,0,0,93,137,1.473,2370,33,247341,"Canidae","Carnivora",32183.33,1,"No",NA,"Least Concern","sport_hunting_specimen_collecting","wearing_apparel_accessories",NA,NA,NA,NA,NA,NA,NA,NA,NA,NA,NA,NA,NA,NA,2.13672056715641,2.13987908640124,4.50763097841445,NA,NA,"","Partially-domesticated"
"20","Cannomys badius","badius","Cannomys",19,348,16,17,1,30,9,0.3,9,2,3610667,"Spalacidae","Rodentia",650,1,"Yes",21.7629325,"Least Concern","food_human",NA,NA,NA,NA,NA,NA,NA,NA,NA,NA,NA,NA,NA,NA,NA,0.954242509439325,1,2.81291335664286,93.8761163955146,24.3792894229503,"","Partially-domesticated"
"21","Capra nubiana","nubiana","Capra",79,1264,49,78,0,43,20,0.465,37,3,698614,"Bovidae","Artiodactyla",62624.84,1,"Yes",29.992544,"Vulnerable","food_human",NA,NA,NA,NA,NA,NA,NA,NA,NA,NA,NA,NA,NA,NA,NA,1.30102999566398,1.32221929473392,4.79674662929916,33.8802404089273,28.288591925603,"","Partially-domesticated"
"22","Capromys pilorides","pilorides","Capromys",9,54,8,9,0,73,5,0.068,1,3,848925,"Capromyidae","Rodentia",5650,1,"Yes",22.034512,"Least Concern","food_human",NA,NA,NA,NA,NA,NA,NA,NA,NA,NA,NA,NA,NA,NA,NA,0.698970004336019,0.778151250383644,3.75204844781944,-80.2876449947848,21.5645062587012,"","Partially-domesticated"
"23","Caracal caracal","caracal","Caracal",112,1476,77,106,4,53,20,0.377,47,7,1033549,"Felidae","Carnivora",13749.91,1,"Yes",30.17927,"Least Concern",NA,NA,NA,NA,NA,NA,NA,NA,NA,NA,NA,NA,NA,NA,NA,NA,1.30102999566398,1.32221929473392,4.13829985550219,21.2720652857659,-30.5201270132867,"","Partially-domesticated"
"24","Cavia porcellus","porcellus","Cavia",11287,324658,1334,10481,276,90,202,2.244,6157,13,744000,"Caviidae","Rodentia",728,1,"Yes",10.2,NA,NA,NA,NA,NA,NA,NA,NA,NA,NA,NA,NA,NA,NA,NA,NA,NA,2.30535136944662,2.30749603791321,2.86213137931304,-75.440883866871,2.78610313511761,"","Domesticated"
"25","Cerdocyon thous","thous","Cerdocyon",325,5484,142,0,0,68,38,0.559,145,14,821960,"Canidae","Carnivora",5239.98,1,"Yes",-16.503965,"Least Concern",NA,NA,NA,NA,NA,NA,NA,NA,NA,NA,NA,NA,NA,NA,NA,NA,1.57978359661681,1.5910646070265,3.71932962936804,-57.6355735831996,-25.9462933887945,"","Partially-domesticated"
"26","Cervus elaphus","elaphus","Cervus",5831,181190,1208,0,0,123,160,1.301,3458,25,936014,"Cervidae","Artiodactyla",165015.85,1,"No",NA,"Least Concern",NA,NA,NA,NA,NA,NA,NA,NA,NA,NA,NA,NA,NA,NA,NA,NA,2.20411998265593,2.20682587603185,5.21752566080142,NA,NA,"","Partially-domesticated"
"27","Cervus nippon","nippon","Cervus",1190,13529,424,0,0,61,47,0.77,407,15,754809,"Cervidae","Artiodactyla",53000,1,"No",NA,"Least Concern","establishing_ex_situ_production","food_human","medicine","sport_hunting_specimen_collecting",NA,NA,NA,NA,NA,NA,NA,NA,NA,NA,NA,NA,1.67209785793572,1.68124123737559,4.72427586960079,NA,NA,"","Partially-domesticated"
"28","Chinchilla chinchilla","chinchilla","Chinchilla",266,2903,153,0,0,63,26,0.413,84,7,169705,"Chinchillidae","Rodentia",499.99,1,"Yes",-24.466667,"Endangered","establishing_ex_situ_production","pets_display_animals_horticulture","wearing_apparel_accessories",NA,NA,NA,NA,NA,NA,NA,NA,NA,NA,NA,NA,NA,1.41497334797082,1.43136376415899,2.69896131835952,-60.9999999999991,-37.00657711887,"","Partially-domesticated"
"29","Chinchilla lanigera","lanigera","Chinchilla",257,2391,150,237,12,62,24,0.387,84,8,173054,"Chinchillidae","Rodentia",417,1,"Yes",34.4431945,"Endangered","establishing_ex_situ_production","pets_display_animals_horticulture","wearing_apparel_accessories",NA,NA,NA,NA,NA,NA,NA,NA,NA,NA,NA,NA,NA,1.38021124171161,1.39794000867204,2.62013605497376,22.0000000000001,53.0115836747615,"","Partially-domesticated"
"30","Connochaetes gnou","gnou","Connochaetes",70,1060,52,67,2,61,18,0.295,37,6,363047,"Bovidae","Artiodactyla",179998.96,1,"Yes",-28.507823,"Least Concern","establishing_ex_situ_production","food_human","sport_hunting_specimen_collecting",NA,NA,NA,NA,NA,NA,NA,NA,NA,NA,NA,NA,NA,1.25527250510331,1.27875360095283,5.25526999583905,25.4178905585364,-29.5013882519943,"","Partially-domesticated"
"31","Connochaetes taurinus","taurinus","Connochaetes",300,10571,133,288,8,61,56,0.918,187,11,19028,"Bovidae","Artiodactyla",179998.96,1,"No",NA,"Least Concern","food_human","sport_hunting_specimen_collecting",NA,NA,NA,NA,NA,NA,NA,NA,NA,NA,NA,NA,NA,NA,1.7481880270062,1.75587485567249,5.25526999583905,NA,NA,"","Partially-domesticated"
"32","Cricetomys ansorgei","ansorgei","Cricetomys",13,70,11,11,0,9,5,0.556,1,4,465268,"Nesomyidae","Rodentia",1285.41,0,"Yes",-6.8333,"Least Concern",NA,NA,NA,NA,NA,NA,NA,NA,NA,NA,NA,NA,NA,NA,NA,NA,0.698970004336019,0.778151250383644,3.10904167423311,36.7291721723393,-3.55303491630081,"","Partially-domesticated"
"33","Cricetomys emini","emini","Cricetomys",65,633,53,62,1,39,16,0.41,24,4,611277,"Nesomyidae","Rodentia",1299.99,1,"Yes",0.5,"Least Concern","establishing_ex_situ_production","food_human",NA,NA,NA,NA,NA,NA,NA,NA,NA,NA,NA,NA,NA,NA,1.20411998265592,1.23044892137827,3.1139400115672,26.1987063374796,1.30083465512293,"","Partially-domesticated"
"34","Cricetomys gambianus","gambianus","Cricetomys",196,1441,120,184,4,83,19,0.229,43,4,922511,"Nesomyidae","Rodentia",1271,1,"Yes",3.9167,"Least Concern","establishing_ex_situ_production","food_human","pets_display_animals_horticulture","research",NA,NA,NA,NA,NA,NA,NA,NA,NA,NA,NA,NA,1.27875360095283,1.30102999566398,3.10414555055401,-0.382614895533477,9.25640644380064,"","Partially-domesticated"
"35","Cricetulus griseus","griseus","Cricetulus",19930,656122,2010,0,0,95,245,2.579,12171,57,465012,"Cricetidae","Rodentia",NA,NA,"Yes",NA,NA,NA,NA,NA,NA,NA,NA,NA,NA,NA,NA,NA,NA,NA,NA,NA,NA,2.38916608436453,2.39093510710338,NA,NA,NA,"","Partially-domesticated"
"36","Crocuta crocuta","crocuta","Crocuta",742,22715,261,0,0,82,78,0.951,473,15,397157,"Hyaenidae","Carnivora",66492.06,1,"Yes",-3.170297,"Least Concern","medicine",NA,NA,NA,NA,NA,NA,NA,NA,NA,NA,NA,NA,NA,NA,NA,1.89209460269048,1.89762709129044,4.82276978809914,24.121672707614,-20.3827649589072,"","Partially-domesticated"
"37","Crossarchus obscurus","obscurus","Crossarchus",6,93,6,6,0,90,3,0.033,3,0,1088410,"Herpestidae","Carnivora",1250,1,"Yes",6.6,"Least Concern","food_human",NA,NA,NA,NA,NA,NA,NA,NA,NA,NA,NA,NA,NA,NA,NA,0.477121254719662,0.602059991327962,3.09691001300806,-2.89019182106199,7.6198240850939,"","Partially-domesticated"
"38","Cuniculus paca","paca","Cuniculus",543,13678,261,524,8,61,57,0.934,318,10,296191,"Cuniculidae","Rodentia",8172.55,1,"Yes",5.893611,"Least Concern","food_human",NA,NA,NA,NA,NA,NA,NA,NA,NA,NA,NA,NA,NA,NA,NA,1.75587485567249,1.76342799356294,3.91235758629219,-76.0311436289011,5.26419078258872,"","Partially-domesticated"
"39","Cuniculus taczanowskii","taczanowskii","Cuniculus",6,77,6,5,0,11,4,0.364,2,1,67355,"Cuniculidae","Rodentia",8999.95,1,"Yes",6.03917,"Near Threatened","food_human",NA,NA,NA,NA,NA,NA,NA,NA,NA,NA,NA,NA,NA,NA,NA,0.602059991327962,0.698970004336019,3.9542400966855,-74.1993163477154,5.40613599429834,"","Partially-domesticated"
"40","Dama dama","dama","Dama",1223,22066,454,1152,30,67,63,0.94,608,15,906310,"Cervidae","Artiodactyla",52375,1,"Yes",51.7,"Least Concern","establishing_ex_situ_production","food_human","sport_hunting_specimen_collecting",NA,NA,NA,NA,NA,NA,NA,NA,NA,NA,NA,NA,NA,1.79934054945358,1.80617997398389,4.71912403597435,7.97601475666257,50.900541674315,"","Partially-domesticated"
"41","Dama mesopotamica","mesopotamica","Dama",53,914,38,47,1,57,19,0.333,26,4,640742,"Cervidae","Artiodactyla",NA,NA,"Yes",NA,"Endangered","food_human",NA,NA,NA,NA,NA,NA,NA,NA,NA,NA,NA,NA,NA,NA,NA,1.27875360095283,1.30102999566398,NA,NA,NA,"","Partially-domesticated"
"42","Dasyurus geoffroii","geoffroii","Dasyurus",44,842,24,43,1,51,16,0.314,28,5,820109,"Dasyuridae","Dasyuromorphia",1100,1,"Yes",-31.9,"Near Threatened",NA,NA,NA,NA,NA,NA,NA,NA,NA,NA,NA,NA,NA,NA,NA,NA,1.20411998265592,1.23044892137827,3.04139268515822,131.877932552601,-22.684962304262,"","Partially-domesticated"
"43","Dasyurus hallucatus","hallucatus","Dasyurus",125,2525,57,121,1,41,27,0.659,71,10,74731,"Dasyuridae","Dasyuromorphia",525,1,"Yes",-12.701485,"Endangered",NA,NA,NA,NA,NA,NA,NA,NA,NA,NA,NA,NA,NA,NA,NA,NA,1.43136376415899,1.44715803134222,2.72015930340596,147.179996402508,-20.7341631382305,"","Partially-domesticated"
"44","Dasyurus maculatus","maculatus","Dasyurus",105,2000,46,100,2,52,26,0.5,61,6,74729,"Dasyuridae","Dasyuromorphia",5500,1,"Yes",-31.5781325,"Near Threatened",NA,NA,NA,NA,NA,NA,NA,NA,NA,NA,NA,NA,NA,NA,NA,NA,1.41497334797082,1.43136376415899,3.74036268949424,146.739934549275,-34.7152485064737,"","Partially-domesticated"
"45","Dasyurus viverrinus","viverrinus","Dasyurus",105,1832,55,100,3,83,22,0.265,59,4,393372,"Dasyuridae","Dasyuromorphia",1090,1,"Yes",-42.128776,"Endangered",NA,NA,NA,NA,NA,NA,NA,NA,NA,NA,NA,NA,NA,NA,NA,NA,1.34242268082221,1.36172783601759,3.03742649794062,147.700583703995,-37.3152571100204,"","Partially-domesticated"
"46","Diceros bicornis","bicornis","Diceros",491,7098,185,450,17,82,40,0.488,205,9,1034204,"Rhinocerotidae","Perissodactyla",1180510.9,1,"No",NA,"Critically Endangered","establishing_ex_situ_production","food_human","handicrafts_jewellery","medicine","sport_hunting_specimen_collecting",NA,NA,NA,NA,NA,NA,NA,NA,NA,NA,NA,1.60205999132796,1.61278385671974,6.07207000140034,NA,NA,"","Partially-domesticated"
"47","Elephas maximus","maximus","Elephas",1294,21723,448,1203,24,107,63,0.589,589,19,541928,"Elephantidae","Proboscidea",2915040,1,"No",NA,"Endangered","food_human","handicrafts_jewellery","pets_display_animals_horticulture","wearing_apparel_accessories",NA,NA,NA,NA,NA,NA,NA,NA,NA,NA,NA,NA,1.79934054945358,1.80617997398389,6.46464451849815,NA,NA,"sibling_higher","Partially-domesticated"
"48","Felis catus","catus","Felis",19511,705103,1940,0,0,149,254,1.705,12937,25,563166,"Felidae","Carnivora",2884.8,1,"Yes",38.769915,NA,NA,NA,NA,NA,NA,NA,NA,NA,NA,NA,NA,NA,NA,NA,NA,NA,2.40483371661994,2.40654018043396,3.46011570937833,-98.0928759523423,36.6882869710937,"","Domesticated"
"49","Funambulus palmarum","palmarum","Funambulus",60,393,43,57,0,85,10,0.118,11,1,319616,"Sciuridae","Rodentia",136.4,1,"Yes",7.312652,"Least Concern","food_human","pets_display_animals_horticulture",NA,NA,NA,NA,NA,NA,NA,NA,NA,NA,NA,NA,NA,NA,1,1.04139268515822,2.13481437032046,77.5251829901274,12.7180265578565,"","Partially-domesticated"
"50","Galictis cuja","cuja","Galictis",48,714,39,47,1,52,15,0.288,24,7,1061040,"Mustelidae","Carnivora",1000,1,"Yes",-32.1567185,"Least Concern","pets_display_animals_horticulture",NA,NA,NA,NA,NA,NA,NA,NA,NA,NA,NA,NA,NA,NA,NA,1.17609125905568,1.20411998265592,3,-57.6707112343729,-31.5262127677878,"","Partially-domesticated"
"51","Galictis vittata","vittata","Galictis",19,246,16,17,2,50,4,0.08,4,2,381130,"Mustelidae","Carnivora",3200,1,"Yes",14.982357,"Least Concern","pets_display_animals_horticulture",NA,NA,NA,NA,NA,NA,NA,NA,NA,NA,NA,NA,NA,NA,NA,0.602059991327962,0.698970004336019,3.50514997831991,-77.2941461997935,6.17856194450107,"","Partially-domesticated"
"52","Gazella bennettii","bennettii","Gazella",41,244,35,0,0,33,7,0.212,4,3,702517,"Bovidae","Artiodactyla",18916.67,1,"Yes",23.2271745,"Least Concern","food_human","sport_hunting_specimen_collecting",NA,NA,NA,NA,NA,NA,NA,NA,NA,NA,NA,NA,NA,NA,0.845098040014257,0.903089986991944,4.27684468767315,75.2641583917757,24.0663727208712,"","Partially-domesticated"
"53","Gazella dorcas","dorcas","Gazella",114,1684,73,0,0,53,24,0.453,54,4,683912,"Bovidae","Artiodactyla",23000.11,1,"No",NA,"Vulnerable","food_human","sport_hunting_specimen_collecting",NA,NA,NA,NA,NA,NA,NA,NA,NA,NA,NA,NA,NA,NA,1.38021124171161,1.39794000867204,4.36172991307319,NA,NA,"","Partially-domesticated"
"54","Genetta genetta","genetta","Genetta",183,3767,111,0,0,55,37,0.673,98,8,194343,"Viverridae","Carnivora",1800,1,"Yes",43.31,"Least Concern","food_human","handicrafts_jewellery","medicine","wearing_apparel_accessories",NA,NA,NA,NA,NA,NA,NA,NA,NA,NA,NA,NA,1.56820172406699,1.57978359661681,3.25527250510331,-0.485219019103522,42.962868007065,"","Partially-domesticated"
"55","Genetta maculata","maculata","Genetta",17,137,15,0,0,50,7,0.14,5,2,159579,"Viverridae","Carnivora",2225,1,"Yes",-9.116667,"Least Concern","food_human",NA,NA,NA,NA,NA,NA,NA,NA,NA,NA,NA,NA,NA,NA,NA,0.845098040014257,0.903089986991944,3.34733001531695,33.8744216970426,-1.26775507133006,"","Partially-domesticated"
"56","Genetta pardina","pardina","Genetta",4,28,4,4,0,18,3,0.167,1,0,45855,"Viverridae","Carnivora",1821.97,0,"Yes",7.074274,"Least Concern","food_human",NA,NA,NA,NA,NA,NA,NA,NA,NA,NA,NA,NA,NA,NA,NA,0.477121254719662,0.602059991327962,3.26054122173593,2.33470638639862,9.69013157978809,"","Partially-domesticated"
"57","Genetta tigrina","tigrina","Genetta",26,298,21,25,0,62,12,0.194,13,5,350016,"Viverridae","Carnivora",2225,1,"Yes",-32.632741,"Least Concern","food_human","handicrafts_jewellery","medicine","wearing_apparel_accessories",NA,NA,NA,NA,NA,NA,NA,NA,NA,NA,NA,NA,1.07918124604762,1.11394335230684,3.34733001531695,22.1811527694736,-33.4305744224293,"","Partially-domesticated"
"58","Gerbillus amoenus","amoenus","Gerbillus",3,18,3,3,0,8,2,0.25,1,1,3608949,"Muridae","Rodentia",13.2,1,"Yes",29.833334,"Least Concern",NA,NA,NA,NA,NA,NA,NA,NA,NA,NA,NA,NA,NA,NA,NA,NA,0.301029995663981,0.477121254719662,1.12057393120585,28.5903809779571,30.6147778520668,"","Partially-domesticated"
"59","Gerbillus gerbillus","gerbillus","Gerbillus",63,709,42,59,4,76,14,0.184,17,3,404779,"Muridae","Rodentia",25.04,1,"Yes",29.200001,"Least Concern",NA,NA,NA,NA,NA,NA,NA,NA,NA,NA,NA,NA,NA,NA,NA,NA,1.14612803567824,1.17609125905568,1.39863432453839,30.9074667913926,27.5328674717171,"","Partially-domesticated"
"60","Gerbillus perpallidus","perpallidus","Gerbillus",7,129,6,7,0,33,5,0.152,4,0,718288,"Muridae","Rodentia",36.3,1,"Yes",30.25,"Least Concern",NA,NA,NA,NA,NA,NA,NA,NA,NA,NA,NA,NA,NA,NA,NA,NA,0.698970004336019,0.778151250383644,1.55990662503611,30.0000000000001,31.0052443078997,"","Partially-domesticated"
"61","Gerbillus pyramidum","pyramidum","Gerbillus",114,3242,50,112,0,76,30,0.395,53,1,404782,"Muridae","Rodentia",46.29,1,"No",NA,"Least Concern",NA,NA,NA,NA,NA,NA,NA,NA,NA,NA,NA,NA,NA,NA,NA,NA,1.47712125471966,1.49136169383427,1.66548718078281,NA,NA,"","Partially-domesticated"
"62","Herpestes ichneumon","ichneumon","Herpestes",121,2760,80,116,3,139,30,0.216,62,6,749636,"Herpestidae","Carnivora",5174.98,1,"Yes",36.629078,"Least Concern",NA,NA,NA,NA,NA,NA,NA,NA,NA,NA,NA,NA,NA,NA,NA,NA,1.47712125471966,1.49136169383427,3.71390867569293,33.1045538302649,0.475014854341439,"","Partially-domesticated"
"63","Herpestes smithii","smithii","Herpestes",3,12,3,3,0,12,2,0.167,0,0,650603,"Herpestidae","Carnivora",1781.95,1,"Yes",6.375593,"Least Concern","food_human","pets_display_animals_horticulture",NA,NA,NA,NA,NA,NA,NA,NA,NA,NA,NA,NA,NA,NA,0.301029995663981,0.477121254719662,3.25089551393838,76.3295593589497,26.3489800433744,"","Partially-domesticated"
"64","Hippotragus equinus","equinus","Hippotragus",92,1325,56,86,4,86,18,0.209,36,4,860772,"Bovidae","Artiodactyla",269997.66,1,"No",NA,"Least Concern","food_human","sport_hunting_specimen_collecting",NA,NA,NA,NA,NA,NA,NA,NA,NA,NA,NA,NA,NA,NA,1.25527250510331,1.27875360095283,5.43136000025717,NA,NA,"","Partially-domesticated"
"65","Hippotragus niger","niger","Hippotragus",113,1995,62,110,1,47,25,0.532,56,6,860770,"Bovidae","Artiodactyla",227499.27,1,"No",NA,"Least Concern","food_human","sport_hunting_specimen_collecting",NA,NA,NA,NA,NA,NA,NA,NA,NA,NA,NA,NA,NA,NA,1.39794000867204,1.41497334797082,5.35698000743058,NA,NA,"","Partially-domesticated"
"66","Hydropotes inermis","inermis","Hydropotes",131,1276,79,117,3,139,18,0.129,41,6,194504,"Cervidae","Artiodactyla",14000,1,"No",NA,"Vulnerable","food_human","medicine","sport_hunting_specimen_collecting",NA,NA,NA,NA,NA,NA,NA,NA,NA,NA,NA,NA,NA,1.25527250510331,1.27875360095283,4.14612803567824,NA,NA,"","Partially-domesticated"
"67","Hystrix africaeaustralis","africaeaustralis","Hystrix",46,547,33,46,0,37,14,0.378,23,4,220335,"Hystricidae","Rodentia",14936.02,1,"Yes",-32.25,"Least Concern","food_human",NA,NA,NA,NA,NA,NA,NA,NA,NA,NA,NA,NA,NA,NA,NA,1.14612803567824,1.17609125905568,4.17423488648118,25.0407051982987,-28.1352498862217,"","Partially-domesticated"
"68","Hystrix brachyura","brachyura","Hystrix",34,199,32,30,1,29,7,0.241,5,4,67361,"Hystricidae","Rodentia",8450,1,"No",NA,"Least Concern","food_human","medicine",NA,NA,NA,NA,NA,NA,NA,NA,NA,NA,NA,NA,NA,NA,0.845098040014257,0.903089986991944,3.92685670894969,NA,NA,"","Partially-domesticated"
"69","Hystrix cristata","cristata","Hystrix",182,1987,103,178,1,54,23,0.426,62,8,220326,"Hystricidae","Rodentia",16250,1,"Yes",17.9373745,"Least Concern","food_human",NA,NA,NA,NA,NA,NA,NA,NA,NA,NA,NA,NA,NA,NA,NA,1.36172783601759,1.38021124171161,4.21085336531489,35.2209411791149,0.780214063954259,"","Partially-domesticated"
"70","Hystrix indica","indica","Hystrix",92,974,63,84,2,47,18,0.383,29,4,276719,"Hystricidae","Rodentia",12435.83,1,"Yes",32.02,"Least Concern","food_human",NA,NA,NA,NA,NA,NA,NA,NA,NA,NA,NA,NA,NA,NA,NA,1.25527250510331,1.27875360095283,4.0946747765292,77.8054528608508,12.2249600194933,"","Partially-domesticated"
"71","Hystrix javanica","javanica","Hystrix",20,46,15,20,0,29,4,0.138,1,4,3609873,"Hystricidae","Rodentia",23014.42,1,"Yes",-7.7081885,"Least Concern",NA,NA,NA,NA,NA,NA,NA,NA,NA,NA,NA,NA,NA,NA,NA,NA,0.602059991327962,0.698970004336019,4.362000034456,109,-7.00107163467529,"","Partially-domesticated"
"72","Hystrix pumila","pumila","Hystrix",2,5,2,2,0,4,1,0.25,0,1,3609872,"Hystricidae","Rodentia",2740,1,"Yes",9.925,"Vulnerable","food_human","pets_display_animals_horticulture",NA,NA,NA,NA,NA,NA,NA,NA,NA,NA,NA,NA,NA,NA,0,0.301029995663981,3.43775056282039,118.334702935937,9.67225024912921,"","Partially-domesticated"
"73","Lagurus lagurus","lagurus","Lagurus",68,217,43,66,2,65,8,0.123,6,4,1073069,"Cricetidae","Rodentia",20.3,1,"Yes",52.7025,"Least Concern",NA,NA,NA,NA,NA,NA,NA,NA,NA,NA,NA,NA,NA,NA,NA,NA,0.903089986991944,0.954242509439325,1.30749603791321,47.6772657272772,54.3772170176609,"","Partially-domesticated"
"74","Lama glama","glama","Lama",884,16736,304,802,48,87,57,0.655,453,9,986973,"Camelidae","Artiodactyla",142500,1,"No",NA,NA,NA,NA,NA,NA,NA,NA,NA,NA,NA,NA,NA,NA,NA,NA,NA,NA,1.75587485567249,1.76342799356294,5.15381486434453,NA,NA,"","Domesticated"
"75","Lama guanicoe","guanicoe","Lama",445,6694,201,421,11,58,36,0.621,190,9,986965,"Camelidae","Artiodactyla",NA,NA,"No",NA,"Least Concern","establishing_ex_situ_production","food_human","other_household_goods","pets_display_animals_horticulture","wearing_apparel_accessories",NA,NA,NA,NA,NA,NA,NA,NA,NA,NA,NA,1.55630250076729,1.56820172406699,NA,NA,NA,"","Partially-domesticated"
"76","Lemmus lemmus","lemmus","Lemmus",97,2446,64,91,3,59,26,0.441,51,3,934731,"Cricetidae","Rodentia",47.5,1,"Yes",62.6316105,"Least Concern",NA,NA,NA,NA,NA,NA,NA,NA,NA,NA,NA,NA,NA,NA,NA,NA,1.41497334797082,1.43136376415899,1.67669360962487,17.6622399229256,66.48995197471,"","Partially-domesticated"
"77","Leptailurus serval","serval","Leptailurus",103,1827,79,99,2,83,21,0.253,39,6,86170,"Felidae","Carnivora",11999.97,1,"Yes",-8.933333,"Least Concern","medicine","wearing_apparel_accessories",NA,NA,NA,NA,NA,NA,NA,NA,NA,NA,NA,NA,NA,NA,1.32221929473392,1.34242268082221,4.07918016031006,34.312047815794,-1.35433233915403,"","Partially-domesticated"
"78","Loxodonta africana","africana","Loxodonta",1518,38680,427,1413,37,95,83,0.874,886,20,541936,NA,NA,3940034.28,1,"No",NA,"Vulnerable",NA,NA,NA,NA,NA,NA,NA,NA,NA,NA,NA,NA,NA,NA,NA,NA,1.91907809237607,1.92427928606188,6.59550000039158,NA,NA,NA,"Wild"
"79","Lutrogale perspicillata","perspicillata","Lutrogale",81,724,41,69,5,47,15,0.319,21,6,310488,"Mustelidae","Carnivora",9483.33,1,"Yes",5.537335,"Vulnerable","food_human","medicine","wearing_apparel_accessories",NA,NA,NA,NA,NA,NA,NA,NA,NA,NA,NA,NA,NA,1.17609125905568,1.20411998265592,3.97696086335956,77,12.0297405270528,"","Partially-domesticated"
"80","Lycalopex culpaeus","culpaeus","Lycalopex",112,1768,77,104,4,29,23,0.793,47,8,776077,"Canidae","Carnivora",8616.24,1,"Yes",-39.554456,"Least Concern","wearing_apparel_accessories",NA,NA,NA,NA,NA,NA,NA,NA,NA,NA,NA,NA,NA,NA,NA,1.36172783601759,1.38021124171161,3.93531778746077,-69.9353788519334,-37.7678446757035,"","Domesticated"
"81","Lyncodon patagonicus","patagonicus","Lyncodon",11,153,9,10,0,95,4,0.042,2,2,901933,"Mustelidae","Carnivora",225,1,"Yes",-39.91649,"Least Concern",NA,NA,NA,NA,NA,NA,NA,NA,NA,NA,NA,NA,NA,NA,NA,NA,0.602059991327962,0.698970004336019,2.35218251811136,-69.489091207018,-40.5237909812584,"","Partially-domesticated"
"82","Martes flavigula","flavigula","Martes",54,600,43,52,1,21,15,0.714,19,7,213517,"Mustelidae","Carnivora",1842.5,1,"Yes",16.096016,"Least Concern","food_human","wearing_apparel_accessories",NA,NA,NA,NA,NA,NA,NA,NA,NA,NA,NA,NA,NA,NA,1.17609125905568,1.20411998265592,3.26540749653109,90.0505674001341,26.8463480715811,"","Partially-domesticated"
"83","Martes foina","foina","Martes",334,5292,176,320,6,52,40,0.769,148,12,348047,"Mustelidae","Carnivora",1540.8,1,"Yes",47.22367,"Least Concern","wearing_apparel_accessories",NA,NA,NA,NA,NA,NA,NA,NA,NA,NA,NA,NA,NA,NA,NA,1.60205999132796,1.61278385671974,3.18774626978046,10.5570431423806,46.4341332924601,"","Partially-domesticated"
"84","Martes pennanti","pennanti","Martes",2069,83430,784,0,0,51,123,2.412,1424,15,4697,"Mustelidae","Carnivora",4000,1,"Yes",46.2098,"Least Concern","wearing_apparel_accessories",NA,NA,NA,NA,NA,NA,NA,NA,NA,NA,NA,NA,NA,NA,NA,2.0899051114394,2.09342168516224,3.60205999132796,-80.4933377598386,45.5786584895998,"","Partially-domesticated"
"85","Martes zibellina","zibellina","Martes",280,5783,154,273,2,91,38,0.418,114,5,681187,"Mustelidae","Carnivora",1130,1,"No",NA,"Least Concern","wearing_apparel_accessories",NA,NA,NA,NA,NA,NA,NA,NA,NA,NA,NA,NA,NA,NA,NA,1.57978359661681,1.5910646070265,3.05307844348342,NA,NA,"","Partially-domesticated"
"86","Mephitis mephitis","mephitis","Mephitis",406,9029,146,0,0,84,52,0.619,222,9,231602,"Mephitidae","Carnivora",2085.02,1,"Yes",36.364535,"Least Concern","wearing_apparel_accessories",NA,NA,NA,NA,NA,NA,NA,NA,NA,NA,NA,NA,NA,NA,NA,1.7160033436348,1.72427586960079,3.31911022518411,-98.4962687781038,41.9277653562396,"","Domesticated"
"87","Meriones crassus","crassus","Meriones",130,2237,68,123,5,67,28,0.418,55,3,404788,"Muridae","Rodentia",79.97,1,"Yes",30.049999,"Least Concern",NA,NA,NA,NA,NA,NA,NA,NA,NA,NA,NA,NA,NA,NA,NA,NA,1.44715803134222,1.46239799789896,1.90292709601726,31.5465786968621,27.5827809884857,"","Partially-domesticated"
"88","Meriones libycus","libycus","Meriones",139,1693,95,134,3,68,22,0.324,54,7,404790,"Muridae","Rodentia",91.33,1,"No",NA,"Least Concern",NA,NA,NA,NA,NA,NA,NA,NA,NA,NA,NA,NA,NA,NA,NA,NA,1.34242268082221,1.36172783601759,1.96061345764791,NA,NA,"","Partially-domesticated"
"89","Meriones persicus","persicus","Meriones",52,498,34,48,4,70,15,0.214,22,6,3608993,"Muridae","Rodentia",100,1,"Yes",35.616667,"Least Concern",NA,NA,NA,NA,NA,NA,NA,NA,NA,NA,NA,NA,NA,NA,NA,NA,1.17609125905568,1.20411998265592,2,49.1965403493354,34.2613022638332,"","Partially-domesticated"
"90","Meriones shawi","shawi","Meriones",96,1146,73,90,3,74,16,0.216,37,5,600710,"Muridae","Rodentia",90.6,1,"No",NA,"Least Concern",NA,NA,NA,NA,NA,NA,NA,NA,NA,NA,NA,NA,NA,NA,NA,NA,1.20411998265592,1.23044892137827,1.95712819767681,NA,NA,"","Partially-domesticated"
"91","Meriones tristrami","tristrami","Meriones",76,1101,49,72,3,91,19,0.209,36,4,438468,"Muridae","Rodentia",105,1,"No",NA,"Least Concern",NA,NA,NA,NA,NA,NA,NA,NA,NA,NA,NA,NA,NA,NA,NA,NA,1.27875360095283,1.30102999566398,2.02118929906994,NA,NA,"","Partially-domesticated"
"92","Meriones unguiculatus","unguiculatus","Meriones",2656,44893,843,0,0,62,80,1.29,1226,18,764841,"Muridae","Rodentia",53.3,1,"Yes",45.761233,"Least Concern",NA,NA,NA,NA,NA,NA,NA,NA,NA,NA,NA,NA,NA,NA,NA,NA,1.90308998699194,1.90848501887865,1.72672720902657,103.921736551171,45.4672899840717,"","Partially-domesticated"
"93","Mesocricetus auratus","auratus","Mesocricetus",9899,221596,2140,0,0,87,151,1.736,5004,17,391631,"Cricetidae","Rodentia",105,1,"Yes",42.362063,"Vulnerable",NA,NA,NA,NA,NA,NA,NA,NA,NA,NA,NA,NA,NA,NA,NA,NA,2.17897694729317,2.18184358794477,2.02118929906994,-91.9999999999991,31.0052443078993,"","Partially-domesticated"
"94","Mesocricetus brandti","brandti","Mesocricetus",79,1015,52,76,1,69,17,0.246,26,2,391628,"Cricetidae","Rodentia",198,1,"Yes",39,"Near Threatened",NA,NA,NA,NA,NA,NA,NA,NA,NA,NA,NA,NA,NA,NA,NA,NA,1.23044892137827,1.25527250510331,2.29666519026153,47.9999999999994,35.0061114673918,"","Partially-domesticated"
"95","Micromys minutus","minutus","Micromys",181,2355,123,0,0,65,23,0.354,59,7,211375,"Muridae","Rodentia",6,1,"Yes",51.8,"Least Concern",NA,NA,NA,NA,NA,NA,NA,NA,NA,NA,NA,NA,NA,NA,NA,NA,1.36172783601759,1.38021124171161,0.778151250383644,11.5289731407561,53.124578011845,"extinct_inherited","Partially-domesticated"
"96","Moschus berezovskii","berezovskii","Moschus",101,735,61,96,4,31,12,0.387,19,7,807545,"Moschidae","Artiodactyla",9000,1,"No",NA,"Endangered","establishing_ex_situ_production","food_human","medicine","other_chemicals",NA,NA,NA,NA,NA,NA,NA,NA,NA,NA,NA,NA,1.07918124604762,1.11394335230684,3.95424250943932,NA,NA,"","Partially-domesticated"
"97","Moschus chrysogaster","chrysogaster","Moschus",103,970,70,99,1,35,16,0.457,27,5,233508,"Moschidae","Artiodactyla",14500,1,"Yes",35.38,"Endangered","establishing_ex_situ_production","food_human","medicine","other_chemicals",NA,NA,NA,NA,NA,NA,NA,NA,NA,NA,NA,NA,1.20411998265592,1.23044892137827,4.16136800223498,103,36.0253780849221,"","Partially-domesticated"
"98","Moschus leucogaster","leucogaster","Moschus",12,45,11,12,0,7,4,0.571,1,3,233513,"Moschidae","Artiodactyla",2145.93,0,"Yes",31.6479935,"Endangered","food_human","medicine","other_chemicals",NA,NA,NA,NA,NA,NA,NA,NA,NA,NA,NA,NA,NA,0.602059991327962,0.698970004336019,3.33161555122287,78.9999999999992,31.0052443078993,"","Partially-domesticated"
"99","Moschus moschiferus","moschiferus","Moschus",61,460,45,58,3,145,11,0.076,13,2,233514,"Moschidae","Artiodactyla",13000,1,"Yes",36.2,"Vulnerable","medicine","other_chemicals",NA,NA,NA,NA,NA,NA,NA,NA,NA,NA,NA,NA,NA,NA,1.04139268515822,1.07918124604762,4.11394335230684,93.0000000000001,25.0040698859441,"","Partially-domesticated"
"100","Mustela erminea","erminea","Mustela",556,14724,185,534,11,79,62,0.785,355,10,681184,"Mustelidae","Carnivora",119.38,1,"Yes",52.59196,"Least Concern","handicrafts_jewellery","other","wearing_apparel_accessories",NA,NA,NA,NA,NA,NA,NA,NA,NA,NA,NA,NA,NA,1.79239168949825,1.79934054945358,2.07693157455566,-120.01494190535,55.7134737000681,"","Partially-domesticated"
"101","Mustela kathiah","kathiah","Mustela",7,54,7,6,1,11,4,0.364,1,0,1075273,"Mustelidae","Carnivora",208.08,1,"Yes",25.466669,"Least Concern","food_human","wearing_apparel_accessories",NA,NA,NA,NA,NA,NA,NA,NA,NA,NA,NA,NA,NA,NA,0.602059991327962,0.698970004336019,2.31823033918782,118.329559358951,26.3489800433747,"","Partially-domesticated"
"102","Mustela lutreola","lutreola","Mustela",159,2815,95,148,3,62,28,0.452,84,4,923105,"Mustelidae","Carnivora",440,1,"Yes",43.58243,"Critically Endangered","wearing_apparel_accessories",NA,NA,NA,NA,NA,NA,NA,NA,NA,NA,NA,NA,NA,NA,NA,1.44715803134222,1.46239799789896,2.64345267648619,-1.0505860189376,45.7538102116627,"","Partially-domesticated"
"103","Mustela nivalis","nivalis","Mustela",341,9012,164,326,6,82,52,0.634,210,10,354525,"Mustelidae","Carnivora",103.88,1,"No",NA,"Least Concern",NA,NA,NA,NA,NA,NA,NA,NA,NA,NA,NA,NA,NA,NA,NA,NA,1.7160033436348,1.72427586960079,2.01653194095727,NA,NA,"","Partially-domesticated"
"104","Mustela putorius","putorius","Mustela",2443,54423,756,2101,182,62,93,1.5,1172,36,923126,"Mustelidae","Carnivora",915.37,1,"No",NA,"Least Concern","sport_hunting_specimen_collecting","wearing_apparel_accessories",NA,NA,NA,NA,NA,NA,NA,NA,NA,NA,NA,NA,NA,NA,1.96848294855394,1.9731278535997,2.96159667491676,NA,NA,"","Partially-domesticated"
"105","Mustela sibirica","sibirica","Mustela",93,992,64,90,1,53,17,0.321,32,6,549525,"Mustelidae","Carnivora",405,1,"Yes",30.794009,"Least Concern","establishing_ex_situ_production","sport_hunting_specimen_collecting","wearing_apparel_accessories",NA,NA,NA,NA,NA,NA,NA,NA,NA,NA,NA,NA,NA,1.23044892137827,1.25527250510331,2.60745502321467,127.577969470145,36.2112331704286,"","Partially-domesticated"
"106","Myocastor coypus","coypus","Myocastor",444,5240,282,0,0,73,33,0.452,160,6,169715,"Myocastoridae","Rodentia",6937.45,1,"Yes",46.143498,"Least Concern",NA,NA,NA,NA,NA,NA,NA,NA,NA,NA,NA,NA,NA,NA,NA,NA,1.51851393987789,1.53147891704226,3.84119986606913,6.54160279068154,49.4471488146503,"","Partially-domesticated"
"107","Nasua narica","narica","Nasua",107,1835,68,103,3,68,22,0.324,46,5,736280,"Procyonidae","Carnivora",4030.05,1,"Yes",19.159722,"Least Concern","food_human","wearing_apparel_accessories",NA,NA,NA,NA,NA,NA,NA,NA,NA,NA,NA,NA,NA,NA,1.34242268082221,1.36172783601759,3.60531043437669,-96.4439121561127,20.2082534399512,"","Partially-domesticated"
"108","Nasua nasua","nasua","Nasua",247,3412,142,0,0,53,32,0.604,105,13,348031,"Procyonidae","Carnivora",3793.85,1,"No",NA,"Least Concern","food_human","wearing_apparel_accessories",NA,NA,NA,NA,NA,NA,NA,NA,NA,NA,NA,NA,NA,NA,1.50514997831991,1.51851393987789,3.57908015589896,NA,NA,"","Partially-domesticated"
"109","Notamacropus eugenii","eugenii","Notamacropus",13,33,10,13,0,4,4,1,1,4,NA,NA,NA,NA,NA,NA,NA,NA,NA,NA,NA,NA,NA,NA,NA,NA,NA,NA,NA,NA,NA,NA,NA,NA,0.602059991327962,0.698970004336019,NA,NA,NA,"","Partially-domesticated"
"110","Notamacropus parma","parma","Notamacropus",55,616,30,51,1,49,15,0.306,27,2,983286,"Macropodidae","Diprotodontia",NA,NA,"Yes",NA,NA,NA,NA,NA,NA,NA,NA,NA,NA,NA,NA,NA,NA,NA,NA,NA,NA,1.17609125905568,1.20411998265592,NA,NA,NA,"","Partially-domesticated"
"111","Notamacropus rufogriseus","rufogriseus","Notamacropus",15,29,11,13,1,5,4,0.8,0,4,NA,NA,NA,NA,NA,NA,NA,NA,NA,NA,NA,NA,NA,NA,NA,NA,NA,NA,NA,NA,NA,NA,NA,NA,0.602059991327962,0.698970004336019,NA,NA,NA,"","Partially-domesticated"
"112","Nyctereutes procyonoides","procyonoides","Nyctereutes",674,10960,286,635,12,66,46,0.697,280,11,949680,"Canidae","Carnivora",4040,1,"No",NA,"Least Concern","food_human","handicrafts_jewellery","medicine","wearing_apparel_accessories",NA,NA,NA,NA,NA,NA,NA,NA,NA,NA,NA,NA,1.66275783168157,1.67209785793572,3.6063813651106,NA,NA,"","Partially-domesticated"
"113","Octodon degus","degus","Octodon",623,16144,275,0,0,65,60,0.923,396,10,692698,"Octodontidae","Rodentia",210,1,"Yes",-33.349998,"Least Concern","establishing_ex_situ_production","pets_display_animals_horticulture",NA,NA,NA,NA,NA,NA,NA,NA,NA,NA,NA,NA,NA,NA,1.77815125038364,1.78532983501077,2.32221929473392,-71.0000000000004,-32.0874675073505,"","Partially-domesticated"
"114","Odocoileus hemionus","hemionus","Odocoileus",1421,37783,303,1364,33,75,86,1.147,813,15,410149,"Cervidae","Artiodactyla",54212.57,1,"No",NA,"Least Concern","food_human","sport_hunting_specimen_collecting",NA,NA,NA,NA,NA,NA,NA,NA,NA,NA,NA,NA,NA,NA,1.93449845124357,1.93951925261862,4.73409999592406,NA,NA,"","Partially-domesticated"
"115","Odocoileus virginianus","virginianus","Odocoileus",3901,83389,589,3644,124,72,103,1.431,2103,21,410145,"Cervidae","Artiodactyla",55508.56,1,"No",NA,"Least Concern",NA,NA,NA,NA,NA,NA,NA,NA,NA,NA,NA,NA,NA,NA,NA,NA,2.01283722470517,2.01703333929878,4.74435996103451,NA,NA,"","Partially-domesticated"
"116","Oryx dammah","dammah","Oryx",86,1007,57,79,1,44,17,0.386,27,4,938435,"Bovidae","Artiodactyla",2e+05,1,"Yes",29.868026,"Extinct in the Wild",NA,NA,NA,NA,NA,NA,NA,NA,NA,NA,NA,NA,NA,NA,NA,NA,1.23044892137827,1.25527250510331,5.30102999566398,-99.6711318483572,30.3518360564229,"","Partially-domesticated"
"117","Oryx gazella","gazella","Oryx",123,2252,68,115,2,102,25,0.245,59,4,591985,"Bovidae","Artiodactyla",169001.28,1,"No",NA,"Least Concern","food_human","sport_hunting_specimen_collecting",NA,NA,NA,NA,NA,NA,NA,NA,NA,NA,NA,NA,NA,NA,1.39794000867204,1.41497334797082,5.2278899939322,NA,NA,"","Partially-domesticated"
"118","Oryx leucoryx","leucoryx","Oryx",148,2333,89,138,4,58,24,0.414,66,6,376064,"Bovidae","Artiodactyla",87700,1,"Yes",29.86,"Vulnerable","food_human","pets_display_animals_horticulture","sport_hunting_specimen_collecting",NA,NA,NA,NA,NA,NA,NA,NA,NA,NA,NA,NA,NA,1.38021124171161,1.39794000867204,4.94299959336604,54.3298874231196,24.3476247750976,"","Partially-domesticated"
"119","Osphranter rufus","rufus","Osphranter",326,5741,144,301,14,61,40,0.656,180,6,897696,"Macropodidae","Diprotodontia",NA,NA,"Yes",NA,NA,NA,NA,NA,NA,NA,NA,NA,NA,NA,NA,NA,NA,NA,NA,NA,NA,1.60205999132796,1.61278385671974,NA,NA,NA,"","Partially-domesticated"
"120","Otocyon megalotis","megalotis","Otocyon",83,2262,51,78,2,45,25,0.556,45,6,821973,"Canidae","Carnivora",4150.02,1,"Yes",-18.53,"Least Concern","sport_hunting_specimen_collecting","wearing_apparel_accessories",NA,NA,NA,NA,NA,NA,NA,NA,NA,NA,NA,NA,NA,NA,1.39794000867204,1.41497334797082,3.6180501896925,20.7812276505475,-25.3805438140272,"","Partially-domesticated"
"121","Ovibos moschatus","moschatus","Ovibos",378,6832,180,360,6,156,41,0.263,202,12,123197,"Bovidae","Artiodactyla",340501.06,1,"No",NA,"Least Concern","food_human","sport_hunting_specimen_collecting",NA,NA,NA,NA,NA,NA,NA,NA,NA,NA,NA,NA,NA,NA,1.61278385671974,1.6232492903979,5.53211846823539,NA,NA,"","Partially-domesticated"
"122","Ovis aries","aries","Ovis",45355,1097388,3077,41393,1631,90,248,2.756,25566,37,70819,"Bovidae","Artiodactyla",50000,1,"No",NA,"Not Applicable","food_human","sport_hunting_specimen_collecting",NA,NA,NA,NA,NA,NA,NA,NA,NA,NA,NA,NA,NA,NA,2.39445168082622,2.39619934709574,4.69897000433602,NA,NA,"","Domesticated"
"123","Pecari tajacu","tajacu","Pecari",433,6980,195,397,13,85,40,0.471,180,10,1037242,"Tayassuidae","Artiodactyla",21266.69,1,"No",NA,"Least Concern","food_human","wearing_apparel_accessories",NA,NA,NA,NA,NA,NA,NA,NA,NA,NA,NA,NA,NA,NA,1.60205999132796,1.61278385671974,4.32769990049989,NA,NA,"","Partially-domesticated"
"124","Petaurus australis","australis","Petaurus",78,2046,30,76,1,38,29,0.763,51,2,630919,"Petauridae","Diprotodontia",575,1,"Yes",-34.9442435,"Near Threatened",NA,NA,NA,NA,NA,NA,NA,NA,NA,NA,NA,NA,NA,NA,NA,NA,1.46239799789896,1.47712125471966,2.75966784468963,148.510921694649,-31.9427525729907,"","Partially-domesticated"
"125","Petaurus breviceps","breviceps","Petaurus",214,5082,98,194,16,78,36,0.462,120,7,423936,"Petauridae","Diprotodontia",106.28,1,"No",NA,"Least Concern",NA,NA,NA,NA,NA,NA,NA,NA,NA,NA,NA,NA,NA,NA,NA,NA,1.55630250076729,1.56820172406699,2.02645154573824,NA,NA,"","Partially-domesticated"
"126","Phodopus campbelli","campbelli","Phodopus",136,2236,66,131,1,34,26,0.765,63,3,136847,"Cricetidae","Rodentia",23.4,1,"Yes",47.08,"Least Concern",NA,NA,NA,NA,NA,NA,NA,NA,NA,NA,NA,NA,NA,NA,NA,NA,1.41497334797082,1.43136376415899,1.36921585741014,93.8487842131964,48.2473141003121,"","Partially-domesticated"
"127","Phodopus roborovskii","roborovskii","Phodopus",74,501,54,69,0,39,11,0.282,13,4,9032,"Cricetidae","Rodentia",18.75,1,"Yes",44.96,"Least Concern",NA,NA,NA,NA,NA,NA,NA,NA,NA,NA,NA,NA,NA,NA,NA,NA,1.04139268515822,1.07918124604762,1.27300127206374,100.400477708316,45.4969956658906,"","Partially-domesticated"
"128","Phodopus sungorus","sungorus","Phodopus",837,20196,261,812,10,54,68,1.259,502,11,764831,"Cricetidae","Rodentia",33.75,1,"Yes",52.7025,"Least Concern",NA,NA,NA,NA,NA,NA,NA,NA,NA,NA,NA,NA,NA,NA,NA,NA,1.83250891270624,1.83884909073726,1.52827377716704,105,38.0272909449615,"","Partially-domesticated"
"129","Prionailurus bengalensis","bengalensis","Prionailurus",235,4426,131,218,6,56,33,0.589,89,9,280108,"Felidae","Carnivora",3300,1,"No",NA,"Least Concern","food_human","handicrafts_jewellery","medicine","pets_display_animals_horticulture","wearing_apparel_accessories",NA,NA,NA,NA,NA,NA,NA,NA,NA,NA,NA,1.51851393987789,1.53147891704226,3.51851393987789,NA,NA,"","Partially-domesticated"
"130","Prionailurus rubiginosus","rubiginosus","Prionailurus",20,60,13,19,0,24,4,0.167,1,3,507541,"Felidae","Carnivora",1384.38,1,"Yes",7.3,"Near Threatened",NA,NA,NA,NA,NA,NA,NA,NA,NA,NA,NA,NA,NA,NA,NA,NA,0.602059991327962,0.698970004336019,3.14125531645828,81,8.00490832203993,"","Partially-domesticated"
"131","Prionailurus viverrinus","viverrinus","Prionailurus",46,630,34,42,1,56,12,0.214,14,3,862641,"Felidae","Carnivora",9140.33,1,"Yes",19.766667,"Vulnerable","wearing_apparel_accessories",NA,NA,NA,NA,NA,NA,NA,NA,NA,NA,NA,NA,NA,NA,NA,1.07918124604762,1.11394335230684,3.96096187566729,80.3344247404952,7.67110293456823,"","Partially-domesticated"
"132","Procyon lotor","lotor","Procyon",1595,34593,418,0,0,109,75,0.688,885,15,348040,"Procyonidae","Carnivora",5524.97,1,"No",NA,"Least Concern","sport_hunting_specimen_collecting","wearing_apparel_accessories",NA,NA,NA,NA,NA,NA,NA,NA,NA,NA,NA,NA,NA,NA,1.8750612633917,1.88081359228079,3.74232992419066,NA,NA,"","Partially-domesticated"
"133","Przewalskium albirostris","albirostris","Przewalskium",30,355,24,29,1,35,9,0.257,7,4,345531,"Cervidae","Artiodactyla",161681.9,1,"Yes",NA,NA,NA,NA,NA,NA,NA,NA,NA,NA,NA,NA,NA,NA,NA,NA,NA,NA,0.954242509439325,1,5.20866140413582,NA,NA,"","Partially-domesticated"
"134","Rhizomys sinensis","sinensis","Rhizomys",22,472,21,21,0,65,9,0.138,9,4,45212,"Spalacidae","Rodentia",865,1,"Yes",29.083334,"Least Concern","food_human",NA,NA,NA,NA,NA,NA,NA,NA,NA,NA,NA,NA,NA,NA,NA,0.954242509439325,1,2.93701610746481,102.999999999999,30.0201656123621,"","Partially-domesticated"
"135","Rhizomys sumatrensis","sumatrensis","Rhizomys",6,117,6,6,0,25,3,0.12,3,1,3608574,"Spalacidae","Rodentia",1625,1,"Yes",15.33333,"Least Concern","food_human",NA,NA,NA,NA,NA,NA,NA,NA,NA,NA,NA,NA,NA,NA,NA,0.477121254719662,0.602059991327962,3.21085336531489,102.999999999998,21.0194557775522,"","Partially-domesticated"
"136","Suricata suricatta","suricatta","Suricata",282,9520,99,269,4,58,53,0.914,182,11,803645,"Herpestidae","Carnivora",725.5,1,"Yes",-26.98,"Least Concern",NA,NA,NA,NA,NA,NA,NA,NA,NA,NA,NA,NA,NA,NA,NA,NA,1.72427586960079,1.73239375982297,2.86063741677375,22.569853037708,-26.6561922290875,"","Partially-domesticated"
"137","Sus celebensis","celebensis","Sus",23,573,21,21,0,38,8,0.211,8,2,418120,"Suidae","Artiodactyla",55000,1,"Yes",0.316667,"Near Threatened","food_human",NA,NA,NA,NA,NA,NA,NA,NA,NA,NA,NA,NA,NA,NA,NA,0.903089986991944,0.954242509439325,4.74036268949424,124,1.00015234351658,"","Partially-domesticated"
"138","Sus scrofa","scrofa","Sus",56509,1654806,3992,0,0,112,324,2.893,33892,56,730013,"Suidae","Artiodactyla",96118.09,1,"No",NA,"Least Concern","establishing_ex_situ_production","food_human","sport_hunting_specimen_collecting",NA,NA,NA,NA,NA,NA,NA,NA,NA,NA,NA,NA,NA,2.51054501020661,2.51188336097887,4.98280513218282,NA,NA,"","Partially-domesticated"
"139","Syncerus caffer","caffer","Syncerus",713,17736,227,0,0,58,63,1.086,419,12,644255,"Bovidae","Artiodactyla",580002.68,1,"No",NA,"Near Threatened","food_human","sport_hunting_specimen_collecting",NA,NA,NA,NA,NA,NA,NA,NA,NA,NA,NA,NA,NA,NA,1.79934054945358,1.80617997398389,5.76343000029832,NA,NA,"","Partially-domesticated"
"140","Tamandua mexicana","mexicana","Tamandua",31,232,24,28,2,34,7,0.206,6,2,273227,"Myrmecophagidae","Pilosa",4209.98,1,"Yes",10.0016535,"Least Concern","food_human","pets_display_animals_horticulture",NA,NA,NA,NA,NA,NA,NA,NA,NA,NA,NA,NA,NA,NA,0.845098040014257,0.903089986991944,3.62428003267408,-86.1535758246275,13.4635013324005,"","Partially-domesticated"
"141","Tamandua tetradactyla","tetradactyla","Tamandua",139,1265,96,136,2,91,19,0.209,37,6,1014324,"Myrmecophagidae","Pilosa",5515.06,1,"Yes",-3.133333,"Least Concern","food_human","handicrafts_jewellery","pets_display_animals_horticulture",NA,NA,NA,NA,NA,NA,NA,NA,NA,NA,NA,NA,NA,1.27875360095283,1.30102999566398,3.74155024162248,-69.4854459565422,3.25233318030261,"","Partially-domesticated"
"142","Tamias sibiricus","sibiricus","Tamias",180,2279,111,174,1,52,25,0.481,66,9,659097,"Sciuridae","Rodentia",85,1,"Yes",50.810695,NA,NA,NA,NA,NA,NA,NA,NA,NA,NA,NA,NA,NA,NA,NA,NA,NA,1.39794000867204,1.41497334797082,1.92941892571429,105.132053700048,50.6288838671705,"","Partially-domesticated"
"143","Taurotragus derbianus","derbianus","Taurotragus",28,199,26,28,0,88,8,0.091,7,1,147238,"Bovidae","Artiodactyla",680000,1,"Yes",8.481117,NA,NA,NA,NA,NA,NA,NA,NA,NA,NA,NA,NA,NA,NA,NA,NA,NA,0.903089986991944,0.954242509439325,5.83250891270624,-16.335270800447,13.674591886274,"","Partially-domesticated"
"144","Tragelaphus angasii","angasii","Tragelaphus",102,1686,75,102,0,56,22,0.393,46,3,40135,"Bovidae","Artiodactyla",86600.42,1,"Yes",-26.47608,"Least Concern","food_human","sport_hunting_specimen_collecting",NA,NA,NA,NA,NA,NA,NA,NA,NA,NA,NA,NA,NA,NA,1.34242268082221,1.36172783601759,4.93751999829033,28.3491708812561,-28.0529207273017,"","Partially-domesticated"
"145","Tragelaphus oryx","oryx","Tragelaphus",268,5567,152,257,3,71,37,0.521,140,8,70832,"Bovidae","Artiodactyla",NA,NA,"Yes",-21.4315795,"Least Concern","food_human","handicrafts_jewellery","pets_display_animals_horticulture","sport_hunting_specimen_collecting",NA,NA,NA,NA,NA,NA,NA,NA,NA,NA,NA,NA,1.56820172406699,1.57978359661681,NA,24.7710598639802,-26.6016999809569,"","Partially-domesticated"
"146","Tragelaphus scriptus","scriptus","Tragelaphus",160,3034,85,153,1,66,31,0.47,71,6,561121,"Bovidae","Artiodactyla",43250.39,1,"No",NA,"Least Concern","food_human","sport_hunting_specimen_collecting",NA,NA,NA,NA,NA,NA,NA,NA,NA,NA,NA,NA,NA,NA,1.49136169383427,1.50514997831991,4.63599002796463,NA,NA,"","Partially-domesticated"
"147","Tragelaphus strepsiceros","strepsiceros","Tragelaphus",231,5926,121,222,3,56,41,0.732,131,6,70827,"Bovidae","Artiodactyla",213501.04,1,"No",NA,"Least Concern","food_human","sport_hunting_specimen_collecting",NA,NA,NA,NA,NA,NA,NA,NA,NA,NA,NA,NA,NA,NA,1.61278385671974,1.6232492903979,5.32939999488873,NA,NA,"","Partially-domesticated"
"148","Urocyon cinereoargenteus","cinereoargenteus","Urocyon",261,5398,113,0,0,54,38,0.704,133,11,685113,"Canidae","Carnivora",3833.72,1,"Yes",31.9167033443261,"Least Concern","pets_display_animals_horticulture","wearing_apparel_accessories",NA,NA,NA,NA,NA,NA,NA,NA,NA,NA,NA,NA,NA,NA,1.57978359661681,1.5910646070265,3.58362039052026,-96.3109432613037,34.4061928697822,"","Partially-domesticated"
"149","Urocyon littoralis","littoralis","Urocyon",102,2561,56,95,4,31,27,0.871,60,6,682591,"Canidae","Carnivora",1896,1,"No",NA,"Near Threatened",NA,NA,NA,NA,NA,NA,NA,NA,NA,NA,NA,NA,NA,NA,NA,NA,1.43136376415899,1.44715803134222,3.27783833300205,NA,NA,"","Partially-domesticated"
"150","Urva edwardsii","edwardsii","Urva",36,533,26,32,1,74,10,0.135,11,3,770756,"Herpestidae","Carnivora",NA,NA,"Yes",NA,NA,NA,NA,NA,NA,NA,NA,NA,NA,NA,NA,NA,NA,NA,NA,NA,NA,1,1.04139268515822,NA,NA,NA,"","Partially-domesticated"
"151","Urva javanica","javanica","Urva",130,1658,86,118,5,54,23,0.426,48,5,815154,"Herpestidae","Carnivora",NA,NA,"Yes",NA,NA,NA,NA,NA,NA,NA,NA,NA,NA,NA,NA,NA,NA,NA,NA,NA,NA,1.36172783601759,1.38021124171161,NA,NA,NA,"","Partially-domesticated"
"152","Vicugna pacos","pacos","Vicugna",356,2091,140,330,6,20,21,1.05,64,9,NA,NA,NA,NA,NA,NA,NA,NA,NA,NA,NA,NA,NA,NA,NA,NA,NA,NA,NA,NA,NA,NA,NA,NA,1.32221929473392,1.34242268082221,NA,NA,NA,"","Domesticated"
"153","Vicugna vicugna","vicugna","Vicugna",183,2034,113,163,7,60,22,0.367,80,6,986959,"Camelidae","Artiodactyla",47499.61,1,"No",NA,"Least Concern",NA,NA,NA,NA,NA,NA,NA,NA,NA,NA,NA,NA,NA,NA,NA,NA,1.34242268082221,1.36172783601759,4.67669004382396,NA,NA,"","Partially-domesticated"
"154","Vulpes corsac","corsac","Vulpes",33,413,27,33,0,152,10,0.066,10,2,523960,"Canidae","Carnivora",2400,1,"Yes",51.3065665,"Least Concern","sport_hunting_specimen_collecting","wearing_apparel_accessories",NA,NA,NA,NA,NA,NA,NA,NA,NA,NA,NA,NA,NA,NA,1,1.04139268515822,3.38021124171161,81.2505125913949,54.1901135899493,"","Partially-domesticated"
"155","Vulpes lagopus","lagopus","Vulpes",442,5345,194,413,11,109,34,0.312,165,14,775766,"Canidae","Carnivora",3584.37,1,"No",NA,"Least Concern","sport_hunting_specimen_collecting","wearing_apparel_accessories",NA,NA,NA,NA,NA,NA,NA,NA,NA,NA,NA,NA,NA,NA,1.53147891704226,1.54406804435028,3.55441283376475,NA,NA,"","Partially-domesticated"
"156","Vulpes macrotis","macrotis","Vulpes",145,2702,62,138,6,48,31,0.646,71,6,297453,"Canidae","Carnivora",4499.97,1,"No",NA,"Least Concern","wearing_apparel_accessories",NA,NA,NA,NA,NA,NA,NA,NA,NA,NA,NA,NA,NA,NA,NA,1.49136169383427,1.50514997831991,3.65320961846915,NA,NA,"","Partially-domesticated"
"157","Vulpes pallida","pallida","Vulpes",7,128,7,6,0,123,3,0.024,3,1,3612512,"Canidae","Carnivora",2800.01,1,"Yes",16.224017,"Least Concern","food_human","medicine",NA,NA,NA,NA,NA,NA,NA,NA,NA,NA,NA,NA,NA,NA,0.477121254719662,0.602059991327962,3.44715958239117,-12.1962327726736,16.6139058516717,"","Partially-domesticated"
"158","Vulpes velox","velox","Vulpes",125,2267,46,119,5,48,27,0.562,66,2,297455,"Canidae","Carnivora",2197.51,1,"Yes",34.87925,"Least Concern",NA,NA,NA,NA,NA,NA,NA,NA,NA,NA,NA,NA,NA,NA,NA,NA,1.43136376415899,1.44715803134222,3.34193086005295,-107.948935408383,34.1793668610548,"","Partially-domesticated"
"159","Vulpes vulpes","vulpes","Vulpes",3556,77691,837,0,0,152,100,0.658,1938,24,821964,"Canidae","Carnivora",5476.17,1,"No",NA,"Least Concern","establishing_ex_situ_production","sport_hunting_specimen_collecting","wearing_apparel_accessories",NA,NA,NA,NA,NA,NA,NA,NA,NA,NA,NA,NA,NA,2,2.00432137378264,3.73847692173294,NA,NA,"","Partially-domesticated"
"160","Vulpes zerda","zerda","Vulpes",70,1315,44,68,1,60,21,0.35,35,7,315465,"Canidae","Carnivora",1100,1,"Yes",29.868026,"Least Concern","food_human","pets_display_animals_horticulture",NA,NA,NA,NA,NA,NA,NA,NA,NA,NA,NA,NA,NA,NA,1.32221929473392,1.34242268082221,3.04139268515822,-14.0080153000703,20.7629553727596,"","Partially-domesticated"
